layer,head,program_idx,best_program,best_iou
0,0,48,program_L2H0,0.6133108375992302
0,1,48,program_L2H0,0.3796002458884195
0,2,42,program_L1H4,0.4868880874733923
0,3,99,program_L6H11,0.3544477971244334
0,4,48,program_L2H0,0.6091604153934279
0,5,134,program_L9H10,0.4503222272826016
0,6,134,program_L9H10,0.535331889656703
0,7,134,program_L9H10,0.490558796009731
0,8,134,program_L9H10,0.4285878487127023
0,9,134,program_L9H10,0.5486145871028463
0,10,68,program_L3H6,0.2023753273121757
0,11,71,program_L3H9,0.4267203627011144
1,0,83,program_L4H9,0.4187368702978237
1,1,71,program_L3H9,0.2937546325738314
1,2,71,program_L3H9,0.4350648280085312
1,3,37,program_L1H1,0.4196951907572795
1,4,4,program_L0H2,0.5232604359828857
1,5,71,program_L3H9,0.4139929430442501
1,6,44,program_L1H6,0.7175556066471708
1,7,134,program_L9H10,0.445636528533382
1,8,134,program_L9H10,0.5166534205035948
1,9,134,program_L9H10,0.4747495403643587
1,10,71,program_L3H9,0.3939835014494361
1,11,134,program_L9H10,0.4174443684353909
2,0,71,program_L3H9,0.073151144019349
2,1,71,program_L3H9,0.3888227204626661
2,2,37,program_L1H1,0.4480093206178743
2,3,71,program_L3H9,0.4514898881858138
2,4,71,program_L3H9,0.4615198521033463
2,5,134,program_L9H10,0.4714883841119747
2,6,34,program_L11H8,0.3562796071873237
2,7,43,program_L1H5,0.4210038018065104
2,8,71,program_L3H9,0.3759117111507851
2,9,71,program_L3H9,0.0741701599327022
2,10,37,program_L1H1,0.4549717694878906
2,11,71,program_L3H9,0.3943630671690775
3,0,84,program_L5H0,0.3024656216414368
3,1,134,program_L9H10,0.4470584181132645
3,2,83,program_L4H9,0.340324755173807
3,3,71,program_L3H9,0.2632621889271469
3,4,75,program_L4H11,0.3851553437348231
3,5,4,program_L0H2,0.5511860051770169
3,6,134,program_L9H10,0.3803365098716102
3,7,71,program_L3H9,0.4075198631613189
3,8,43,program_L1H5,0.3414090634037047
3,9,71,program_L3H9,0.2335600838160157
3,10,134,program_L9H10,0.3107151448711607
3,11,123,program_L8H11,0.3168812790877492
4,0,75,program_L4H11,0.30292326828273
4,1,75,program_L4H11,0.4165869067768739
4,2,75,program_L4H11,0.319003561113926
4,3,75,program_L4H11,0.2014648737578381
4,4,75,program_L4H11,0.3761220407643419
4,5,75,program_L4H11,0.2269994858477684
4,6,75,program_L4H11,0.2951378427358744
4,7,75,program_L4H11,0.2229500210202772
4,8,75,program_L4H11,0.3233502249614026
4,9,75,program_L4H11,0.3824278884413656
4,10,123,program_L8H11,0.2956231251203619
4,11,75,program_L4H11,0.2300823694909438
5,0,75,program_L4H11,0.253165709608303
5,1,75,program_L4H11,0.1988384031465367
5,2,75,program_L4H11,0.3512048549479313
5,3,75,program_L4H11,0.2758249836798619
5,4,75,program_L4H11,0.398016292375915
5,5,75,program_L4H11,0.270144631984465
5,6,75,program_L4H11,0.207195855336207
5,7,75,program_L4H11,0.2254587981454177
5,8,75,program_L4H11,0.3481074963732847
5,9,75,program_L4H11,0.1426839510992167
5,10,123,program_L8H11,0.2881930341609532
5,11,75,program_L4H11,0.272251647640615
6,0,75,program_L4H11,0.2376021388147542
6,1,75,program_L4H11,0.2876893552547672
6,2,75,program_L4H11,0.2660109126411386
6,3,75,program_L4H11,0.2120713199633223
6,4,75,program_L4H11,0.2442837530774275
6,5,75,program_L4H11,0.264120314997926
6,6,75,program_L4H11,0.2536618849162591
6,7,75,program_L4H11,0.4367613909013689
6,8,75,program_L4H11,0.3404045350462384
6,9,123,program_L8H11,0.2647971917015819
6,10,75,program_L4H11,0.233561191255574
6,11,99,program_L6H11,0.3599372247847142
7,0,123,program_L8H11,0.2781298971326305
7,1,75,program_L4H11,0.2808519166784823
7,2,75,program_L4H11,0.2553855357163114
7,3,75,program_L4H11,0.2413064869370341
7,4,99,program_L6H11,0.3108074283461998
7,5,75,program_L4H11,0.3227127212575105
7,6,75,program_L4H11,0.2327730864304599
7,7,75,program_L4H11,0.2211737810168545
7,8,75,program_L4H11,0.3267822883458539
7,9,75,program_L4H11,0.2487876150531546
7,10,75,program_L4H11,0.2368652390622467
7,11,75,program_L4H11,0.2283904155967187
8,0,75,program_L4H11,0.2859886521411569
8,1,75,program_L4H11,0.3954642542488692
8,2,75,program_L4H11,0.206840482526653
8,3,75,program_L4H11,0.3493145469238066
8,4,75,program_L4H11,0.2476590702364935
8,5,75,program_L4H11,0.247924557146464
8,6,75,program_L4H11,0.240998858461944
8,7,75,program_L4H11,0.364748572314437
8,8,75,program_L4H11,0.4111472105848512
8,9,75,program_L4H11,0.3428284417162978
8,10,75,program_L4H11,0.2505914768958922
8,11,75,program_L4H11,0.274804771576883
9,0,75,program_L4H11,0.3153043221608437
9,1,75,program_L4H11,0.2882167791567273
9,2,75,program_L4H11,0.281133155293374
9,3,75,program_L4H11,0.3119596616775576
9,4,75,program_L4H11,0.2650235416206701
9,5,75,program_L4H11,0.3161841307581538
9,6,75,program_L4H11,0.2801183703176816
9,7,75,program_L4H11,0.2508433138986868
9,8,75,program_L4H11,0.3537105853402723
9,9,75,program_L4H11,0.2767095443661981
9,10,134,program_L9H10,0.3112717497895994
9,11,75,program_L4H11,0.3656064967188446
10,0,136,program_L9H2,0.3535289289093431
10,1,18,program_L10H4,0.3479357159167647
10,2,18,program_L10H4,0.3841802624292474
10,3,18,program_L10H4,0.342613344614613
10,4,18,program_L10H4,0.368332980702813
10,5,18,program_L10H4,0.3731571743621092
10,6,18,program_L10H4,0.3438657331978277
10,7,18,program_L10H4,0.3681377715858585
10,8,18,program_L10H4,0.3234785644210349
10,9,18,program_L10H4,0.3709512245359788
10,10,84,program_L5H0,0.2366084118605098
10,11,18,program_L10H4,0.3292808916350469
11,0,18,program_L10H4,0.3652962225569659
11,1,18,program_L10H4,0.3686964601171357
11,2,136,program_L9H2,0.3830294240680628
11,3,18,program_L10H4,0.3537062549379362
11,4,18,program_L10H4,0.3663611218253806
11,5,18,program_L10H4,0.3731573592608809
11,6,18,program_L10H4,0.4019542014686461
11,7,18,program_L10H4,0.352840831899487
11,8,34,program_L11H8,0.3745971310920518
11,9,136,program_L9H2,0.3998654024613937
11,10,18,program_L10H4,0.3702587495471402
11,11,18,program_L10H4,0.3509095533422334
