k,head,program,strategy,increase,kl_div,spike
1,"(5, 1)",first_token_bias_L6H9,smart,1.5367871684853256,0.0010435297153890133,False
2,"(7, 2)",first_token_bias_L6H9,smart,2.2011081312858405,0.003003865364007652,False
3,"(6, 9)",first_token_bias_L6H9,smart,3.162656132944911,0.005532694049179554,False
4,"(9, 9)",first_token_bias_L6H9,smart,3.3901017064841117,0.008295235922560096,False
5,"(7, 10)",first_token_bias_L7H2,smart,3.447491235752345,0.009468089789152145,False
6,"(10, 8)",first_token_bias_L9H6,smart,3.2429593106856687,0.011573036201298237,False
7,"(9, 6)",first_token_bias_L9H6,smart,3.4124964560667417,0.011626365594565868,False
8,"(10, 10)",first_token_bias_L9H6,smart,3.6722539953356397,0.013693241402506828,False
9,"(10, 1)",first_token_bias_L9H6,smart,4.372591905837942,0.013602471444755793,False
10,"(9, 11)",first_token_bias_L9H6,smart,4.488364320124912,0.015344176441431046,False
11,"(3, 0)",first_token_bias_stochastic_L9H9,smart,5.189841564720627,0.017009743489325047,False
12,"(6, 10)",first_token_bias_content_focus_L8H3,smart,4.577103669952965,0.019287469796836376,False
13,"(10, 6)",first_token_bias_L9H6,smart,4.146647345688617,0.025960355065762997,False
14,"(3, 4)",first_token_bias_punctuation_L10H8,smart,3.6699528491983746,0.02685781568288803,False
15,"(9, 1)",first_token_bias_content_focus_L8H3,smart,4.5559317995259665,0.02896866388618946,False
16,"(11, 9)",first_token_bias_L9H6,smart,5.277504392517839,0.030627742409706116,False
17,"(9, 4)",first_token_bias_L9H6,smart,3.890080541594275,0.03517215233296156,False
18,"(10, 2)",first_token_bias_content_focus_L8H3,smart,3.376474963744005,0.03841147664934397,False
19,"(7, 11)",first_token_bias_L9H6,smart,4.072814803848088,0.03844278957694769,False
20,"(5, 9)",first_token_bias_punctuation_L10H8,smart,4.597606627865449,0.042575957253575325,False
21,"(8, 1)",first_token_bias_L6H9,smart,5.535100038485766,0.045746222138404846,False
22,"(11, 5)",first_token_bias_content_focus_L8H3,smart,5.794378335595521,0.04596039652824402,False
23,"(5, 5)",first_token_bias_L9H6,smart,5.193654844356826,0.047098588198423386,False
24,"(4, 10)",first_token_bias_punctuation_L10H8,smart,5.979887655573803,0.046560702845454216,False
25,"(0, 1)",decaying_content_focus_punctuation_coreference_L0H1,smart,5.994470383005435,0.04654947109520435,False
26,"(8, 11)",first_token_bias_L10H2,smart,5.812846528199489,0.04728948324918747,False
27,"(6, 2)",first_token_bias_L10H2,smart,5.173343311419969,0.048456382006406784,False
28,"(9, 5)",first_token_bias_L10H2,smart,4.930112501722512,0.045017924159765244,False
29,"(10, 0)",first_token_bias_content_focus_L8H3,smart,3.9453603684897827,0.04657261446118355,False
30,"(11, 1)",first_token_bias_L10H2,smart,3.969557455756692,0.048480818048119545,False
31,"(7, 1)",first_token_bias_punctuation_L10H8,smart,4.764522511925074,0.04909169673919678,False
32,"(7, 6)",first_token_bias_L10H2,smart,5.194129193891053,0.04860025644302368,False
33,"(10, 3)",first_token_bias_punctuation_L10H8,smart,5.357227223628898,0.05465599708259106,False
34,"(9, 8)",first_token_bias_L10H2,smart,5.344332785758592,0.0516798198223114,False
35,"(6, 6)",first_token_bias_L10H2,smart,4.659404141196053,0.053691135719418526,False
36,"(7, 7)",first_token_bias_content_focus_L8H3,smart,5.0936698560134035,0.06467141397297382,False
37,"(5, 0)",first_token_bias_content_focus_L8H3,smart,5.55385714274586,0.07259376533329487,False
38,"(8, 3)",first_token_bias_L10H2,smart,5.481469393765978,0.07259388267993927,False
39,"(8, 0)",first_token_bias_L10H2,smart,5.116517794548092,0.07354275323450565,False
40,"(11, 7)",first_token_bias_L10H2,smart,6.832545690642839,0.08490042015910149,False
41,"(11, 4)",decaying_first_token_bias_content_focus_punctuation_L11H1,smart,6.863613304655242,0.09122985228896141,False
42,"(4, 2)",first_token_bias_L10H2,smart,7.1332835655114595,0.09263064712285995,False
43,"(2, 11)",decaying_first_token_bias_content_focus_punctuation_stochastic_L11H7,smart,5.978993041104935,0.09138652682304382,False
44,"(4, 4)",decaying_first_token_bias_content_focus_L7H1,smart,6.491096017654598,0.09693194925785065,False
45,"(1, 4)",first_token_bias_content_focus_punctuation_L6H2,smart,7.005048899750144,0.09754319489002228,False
46,"(4, 8)",first_token_bias_L10H2,smart,8.780545698719893,0.09122157096862793,False
47,"(1, 7)",first_token_bias_content_focus_punctuation_L6H2,smart,8.42057664826319,0.09192636609077454,False
48,"(4, 11)",general_pattern_L4H11,smart,8.766610921970429,0.09114307910203934,False
49,"(8, 9)",decaying_first_token_bias_content_focus_L7H1,smart,10.46021339884181,0.09621475264430046,False
50,"(9, 7)",first_token_bias_L10H2,smart,10.517385833516125,0.10215679556131363,False
51,"(10, 7)",first_token_bias_L10H2,smart,11.774385479066845,0.11597686260938644,False
52,"(6, 3)",first_token_bias_L10H2,smart,12.265755288730261,0.10220561176538467,False
53,"(6, 5)",decaying_first_token_bias_content_focus_punctuation_stochastic_L11H7,smart,12.201000154768836,0.10583330690860748,False
54,"(5, 8)",first_token_bias_L10H2,smart,13.546905669120676,0.10274816676974297,False
55,"(9, 2)",first_token_bias_L10H2,smart,13.689066797153304,0.10267957672476768,False
56,"(1, 8)",first_token_bias_content_focus_punctuation_L6H2,smart,13.39259133396651,0.09988189488649368,False
57,"(9, 0)",first_token_bias_content_focus_L5H9,smart,14.413606995869294,0.10463549569249153,False
58,"(3, 10)",decaying_first_token_bias_punctuation_L2H6,smart,15.63409302389478,0.10331622138619423,False
59,"(8, 10)",first_token_bias_content_focus_punctuation_L11H2,smart,16.35903328849967,0.11286750063300133,False
60,"(8, 6)",first_token_bias_punctuation_L10H8,smart,17.074581233638696,0.13110684230923653,False
61,"(2, 1)",decaying_first_token_bias_content_focus_punctuation_L11H1,smart,18.591211357760795,0.13320742547512054,False
62,"(5, 11)",first_token_bias_punctuation_L11H4,smart,18.39551509675793,0.13146555796265602,False
63,"(1, 9)",first_token_bias_content_focus_punctuation_L6H2,smart,18.17461328506939,0.1357497274875641,False
64,"(1, 3)",first_token_bias_L9H5,smart,18.513634132182048,0.13832160830497742,False
65,"(4, 6)",first_token_bias_content_focus_L3H5,smart,17.51853263186524,0.15188218653202057,False
66,"(5, 6)",first_token_bias_content_focus_coreference_L4H4,smart,18.961528631115282,0.15628083050251007,False
67,"(0, 3)",decaying_content_focus_punctuation_coreference_L0H1,smart,18.939870464647544,0.15637541562318802,False
68,"(1, 6)",first_token_bias_content_focus_punctuation_L6H2,smart,18.968186550936398,0.16168618947267532,False
69,"(10, 11)",first_token_bias_punctuation_L6H10,smart,19.227627730458487,0.16944019496440887,False
70,"(2, 7)",decaying_first_token_bias_content_focus_L11H3,smart,19.706995189893156,0.1715957298874855,False
71,"(8, 2)",first_token_bias_content_focus_L3H5,smart,20.890729685177234,0.18798861280083656,False
72,"(6, 4)",decaying_first_token_bias_content_focus_punctuation_L11H1,smart,21.703044641070054,0.18915589153766632,False
73,"(10, 5)",first_token_bias_L10H2,smart,22.2376229324155,0.19769924506545067,False
74,"(3, 5)",first_token_bias_content_focus_L3H5,smart,23.05534629410307,0.1979624330997467,False
75,"(7, 3)",first_token_bias_content_focus_L3H5,smart,24.295801009517774,0.21332408487796783,False
76,"(1, 10)",decaying_stochastic_L1H10,smart,24.23849813866071,0.21609292924404144,False
77,"(2, 10)",decaying_first_token_bias_content_focus_L11H3,smart,24.714676480202964,0.22016667947173119,False
78,"(7, 4)",first_token_bias_content_focus_L5H9,smart,25.558109539807553,0.20839236676692963,False
79,"(0, 9)",first_token_bias_content_focus_punctuation_L6H2,smart,26.055140028626806,0.20711969584226608,False
80,"(7, 5)",decaying_first_token_bias_content_focus_punctuation_L11H1,smart,28.193666283055236,0.20315712690353394,False
81,"(11, 10)",first_token_bias_content_focus_punctuation_L11H2,smart,29.817016334264807,0.20931626483798027,False
82,"(4, 7)",decaying_first_token_bias_content_focus_punctuation_L8H10,smart,30.753302819534564,0.20967323705554008,False
83,"(0, 11)",first_token_bias_content_focus_punctuation_L6H2,smart,28.63915673382747,0.21150542423129082,False
84,"(2, 6)",decaying_first_token_bias_punctuation_L5H8,smart,28.814902941400295,0.2176435850560665,False
85,"(7, 9)",decaying_first_token_bias_content_focus_L4H8,smart,32.73179193776531,0.2154388092458248,False
86,"(6, 1)",decaying_content_focus_L6H1,smart,33.801995376096144,0.2237740382552147,False
87,"(5, 10)",first_token_bias_content_focus_punctuation_L11H2,smart,37.096742207756094,0.24130044132471085,False
88,"(10, 4)",decaying_first_token_bias_content_focus_punctuation_L11H1,smart,37.842514211301875,0.23724187910556793,False
89,"(9, 10)",decaying_first_token_bias_content_focus_punctuation_stochastic_L11H7,smart,38.118636020908646,0.25606393814086914,False
90,"(5, 3)",first_token_bias_content_focus_punctuation_L6H2,smart,39.0316300987655,0.26043954491615295,False
91,"(11, 3)",first_token_bias_content_focus_punctuation_L11H2,smart,39.31554982904919,0.25142788887023926,False
92,"(10, 9)",decaying_first_token_bias_content_focus_L4H8,smart,41.87562607464139,0.25513415038585663,False
93,"(11, 11)",decaying_first_token_bias_content_focus_punctuation_L11H1,smart,41.32594468810543,0.2453380674123764,False
94,"(4, 5)",decaying_first_token_bias_content_focus_punctuation_stochastic_L11H7,smart,42.74907113416136,0.2477913796901703,False
95,"(6, 8)",first_token_bias_content_focus_punctuation_L0H2,smart,44.23577084863638,0.2514688968658447,False
96,"(1, 1)",decaying_first_token_bias_content_focus_punctuation_L2H5,smart,44.451431689605684,0.2548534870147705,False
97,"(0, 5)",decaying_content_focus_punctuation_coreference_L0H1,smart,44.46625224664121,0.25557614117860794,False
98,"(0, 2)",first_token_bias_content_focus_punctuation_L6H2,smart,44.820403526931244,0.25695690512657166,False
99,"(5, 7)",first_token_bias_content_focus_L5H9,smart,46.0543391294257,0.266370452940464,False
100,"(2, 0)",decaying_first_token_bias_content_focus_L4H0,smart,46.90149247259348,0.2824982926249504,False
101,"(1, 11)",first_token_bias_content_focus_punctuation_L0H5,smart,46.98490703529221,0.28274068236351013,False
102,"(7, 0)",decaying_first_token_bias_content_focus_L5H6,smart,48.67644142689045,0.29482777416706085,False
103,"(0, 7)",decaying_stochastic_L1H10,smart,49.591598127376216,0.30588923394680023,False
104,"(0, 10)",first_token_bias_content_focus_punctuation_L6H2,smart,53.8628411270638,0.36309900879859924,False
105,"(6, 7)",decaying_first_token_bias_content_focus_punctuation_stochastic_L11H7,smart,56.406276002606916,0.3711032122373581,False
106,"(8, 4)",decaying_first_token_bias_content_focus_L4H8,smart,58.6424701082946,0.3803526386618614,False
107,"(8, 8)",first_token_bias_content_focus_L3H5,smart,62.33575225444643,0.3839481770992279,False
108,"(5, 4)",decaying_first_token_bias_content_focus_punctuation_L0H11,smart,64.80409096308857,0.40099453181028366,False
109,"(3, 1)",decaying_first_token_bias_punctuation_L2H6,smart,68.43238306418539,0.4445563405752182,False
110,"(9, 3)",decaying_first_token_bias_content_focus_punctuation_stochastic_L11H7,smart,71.52888026450962,0.44215092808008194,False
111,"(4, 9)",first_token_bias_content_focus_L3H5,smart,74.43512104750579,0.4646139442920685,False
112,"(8, 5)",first_token_bias_content_focus_L3H5,smart,79.1656131419557,0.5184808671474457,False
113,"(7, 8)",decaying_first_token_bias_content_focus_punctuation_stochastic_L11H7,smart,79.67126676679882,0.5080817341804504,False
114,"(3, 3)",first_token_bias_content_focus_L6H11,smart,84.14240294589453,0.5661253929138184,False
115,"(0, 0)",first_token_bias_content_focus_L8H8,smart,83.22182330203904,0.6409039795398712,False
116,"(1, 0)",decaying_first_token_bias_content_focus_L11H3,smart,84.01245309546758,0.6846912354230881,False
117,"(2, 4)",first_token_bias_content_focus_punctuation_L5H3,smart,89.0995442149316,0.7601091861724854,False
118,"(0, 6)",first_token_bias_content_focus_L8H8,smart,94.91534220258669,1.0029197335243225,False
119,"(6, 11)",decaying_first_token_bias_content_focus_punctuation_stochastic_L11H7,smart,97.61068268979872,1.0363843441009521,False
120,"(3, 7)",first_token_bias_L3H2,smart,106.30834744875459,1.093184918165207,False
121,"(8, 7)",first_token_bias_content_focus_stochastic_L5H2,smart,112.09504066258569,1.0800410211086273,False
122,"(1, 5)",first_token_bias_content_focus_punctuation_L6H2,smart,117.21187068719642,1.1018916964530945,False
123,"(0, 8)",decaying_first_token_bias_content_focus_punctuation_L0H8,smart,120.59464866135124,1.2708323746919632,False
124,"(2, 9)",decaying_first_token_bias_content_focus_punctuation_L1H4,smart,127.60156103007199,1.4253240525722504,False
125,"(2, 2)",first_token_bias_content_focus_punctuation_L2H4,smart,136.2071866799228,1.4359872937202454,False
126,"(2, 8)",decaying_first_token_bias_content_focus_L2H8,smart,150.44732202770638,1.5224610567092896,False
127,"(5, 2)",decaying_first_token_bias_content_focus_punctuation_stochastic_L11H7,smart,150.69021145981213,1.5256811827421188,False
128,"(3, 6)",first_token_bias_content_focus_L11H0,smart,166.04183829522196,1.5866749584674835,False
129,"(0, 4)",first_token_bias_content_focus_punctuation_stochastic_L0H3,smart,166.74859903312088,1.597975715994835,False
130,"(3, 2)",first_token_bias_L3H2,smart,175.67085056689518,1.5528923720121384,False
131,"(2, 5)",first_token_bias_content_focus_punctuation_L2H4,smart,200.623264714267,1.613036260008812,False
132,"(4, 1)",first_token_bias_content_focus_punctuation_L5H3,smart,216.4264456328778,1.6547770351171494,False
133,"(11, 0)",first_token_bias_content_focus_punctuation_L6H2,smart,219.74675864139036,1.6874796152114868,False
134,"(3, 9)",decaying_first_token_bias_content_focus_punctuation_L0H11,smart,249.6895108400219,1.5799145996570587,False
135,"(6, 0)",decaying_first_token_bias_content_focus_L7H3,smart,262.4800755995114,1.5546920448541641,False
136,"(3, 11)",decaying_first_token_bias_content_focus_L9H7,smart,311.77025905984385,1.4717083871364594,False
137,"(4, 3)",decaying_first_token_bias_content_focus_L7H3,smart,339.16177597438593,1.5316518545150757,False
138,"(4, 0)",first_token_bias_content_focus_punctuation_L0H2,smart,376.43764149855735,1.5600247383117676,False
139,"(3, 8)",first_token_bias_content_focus_punctuation_L1H1,smart,426.34811804092465,1.4396954774856567,False
140,"(11, 8)",decaying_stochastic_L1H10,smart,427.0329494784312,1.4315807819366455,False
141,"(11, 6)",first_token_bias_L9H6,smart,4240.370984446359,4.0422327518463135,True
142,"(11, 2)",first_token_bias_content_focus_L8H3,smart,4870.880351684571,4.130392551422119,True
143,"(1, 2)",decaying_first_token_bias_content_focus_punctuation_L2H5,smart,6003.514378834818,4.188467025756836,True
144,"(2, 3)",first_token_bias_content_focus_punctuation_L2H4,smart,6083.458554170337,4.168595790863037,True
